{"version": "1", "message": "ERROR: Hidden Testcases server unreachable.", "problem_id": "ads2_m2_a1_1", "user_id": "Ippili Kalki Dev", "score": {"sample": {"0": {"execution_time": 0.14210200309753418, "passed": true}, "1": {"execution_time": 0.11508345603942871, "passed": true}, "2": {"execution_time": 0.11408090591430664, "passed": true}, "3": {"execution_time": 0.11408138275146484, "passed": false}, "4": {"execution_time": 0.11408114433288574, "passed": true}, "5": {"execution_time": 0.11608314514160156, "passed": true}, "6": {"execution_time": 0.11508321762084961, "passed": true}, "7": {"execution_time": 0.11708378791809082, "passed": true}, "8": {"execution_time": 0.11808490753173828, "passed": true}, "9": {"execution_time": 0.11708188056945801, "passed": false}, "10": {"execution_time": 0.12308883666992188, "passed": false}, "11": {"execution_time": 0.12108612060546875, "passed": false}, "12": {"execution_time": 0.11908507347106934, "passed": false}, "13": {"execution_time": 0.11908435821533203, "passed": true}, "14": {"execution_time": 0.11608433723449707, "passed": false}, "15": {"execution_time": 0.12208724021911621, "passed": true}, "16": {"execution_time": 0.1511073112487793, "passed": false}, "17": {"execution_time": 0.15811419486999512, "passed": false}, "18": {"execution_time": 0.2972099781036377, "passed": false}, "19": {"execution_time": 0.1601114273071289, "passed": false}, "20": {"execution_time": 0.17212247848510742, "passed": false}, "21": {"execution_time": 0.12008500099182129, "passed": false}, "22": {"execution_time": 0.24717497825622559, "passed": false}, "23": {"execution_time": 0.17312288284301758, "passed": false}}}, "check_style_score": "0/1"}